price_target,bedrooms,bathrooms,car_spaces,land_m2,property_type,suburb,postcode,lat,lon,sold_date,sold_year,sold_month,dist_to_cbd_km,has_land_m2,price_per_m2,flag_bad_beds,flag_bad_baths,flag_bad_cars,flag_bad_land
3501499.9999999986,4,1,3.0,669.0,house,Hawthorn,3122,-37.819717,145.04464,2025-09-13,2025,9,7.194811713996712,1,5545.59043348281,False,False,False,False
3500000.0,4,2,3.0,613.0,house,Hawthorn,3122,-37.814675,145.025439,2025-09-13,2025,9,5.477437015724592,1,5709.624796084829,False,False,False,False
1210000.0,4,2,2.0,,apartment,Hawthorn,3122,-37.82786932,145.03469858,2025-09-11,2025,9,6.486040292280649,0,,False,False,False,False
800000.0,2,1,1.0,,apartment,Hawthorn,3122,-37.82566,145.025419,2025-09-11,2025,9,5.635835288063888,0,,False,False,False,False
675000.0,2,1,1.0,,apartment,Hawthorn,3122,-37.826548,145.025691,2025-09-11,2025,9,5.683219958752829,0,,False,False,False,False
2500000.0,4,2,,,house,Hawthorn,3122,-37.815581,145.02304,2025-09-05,2025,9,5.269967166834589,0,,False,False,False,False
405000.0,1,1,1.0,,apartment,Hawthorn,3122,-37.819224,145.03828,2025-09-03,2025,9,6.633482244077334,0,,False,False,False,False
380000.0,1,1,1.0,,apartment,Hawthorn,3122,-37.81541801,145.03690456,2025-09-03,2025,9,6.486436092213949,0,,False,False,False,False
605000.0,2,1,1.0,,apartment,Hawthorn,3122,-37.82174725,145.0265501,2025-08-30,2025,8,5.646616371021567,0,,False,False,False,False
595000.0,2,1,1.0,,apartment,Hawthorn,3122,-37.81480201,145.02650749,2025-08-28,2025,8,5.571592021635515,0,,False,False,False,False
545000.0,2,2,1.0,,apartment,Hawthorn,3122,-37.82156942,145.03382239,2025-08-28,2025,8,6.275161775947842,0,,False,False,False,False
472000.0,1,1,1.0,,apartment,Hawthorn,3122,-37.82174725,145.0265501,2025-08-26,2025,8,5.646616371021567,0,,False,False,False,False
680000.0,2,1,1.0,,apartment,Hawthorn,3122,-37.828689,145.0352,2025-08-25,2025,8,6.551467284407086,0,,False,False,False,False
640250.0,2,1,1.0,,apartment,Hawthorn,3122,-37.81993422,145.04410104,2025-08-25,2025,8,7.150010650356952,0,,False,False,False,False
600000.0,2,1,1.0,,apartment,Hawthorn,3122,-37.825381,145.02546,2025-08-25,2025,8,5.632046717612436,0,,False,False,False,False
420000.0,1,1,1.0,,apartment,Hawthorn,3122,-37.8214991,145.02417315,2025-08-20,2025,8,5.436114858684984,0,,False,False,False,False
724000.0,2,1,1.0,,apartment,Hawthorn,3122,-37.815038,145.01818206,2025-08-19,2025,8,4.8412803690669906,0,,False,False,False,False
374000.0,1,1,1.0,,apartment,Hawthorn,3122,-37.814285,145.03192,2025-08-19,2025,8,6.045947921571691,0,,False,False,False,False
1950000.0,3,2,1.0,,house,Hawthorn,3122,-37.818972,145.040979,2025-08-16,2025,8,6.867064913572856,0,,False,False,False,False
560000.0,2,1,1.0,,apartment,Hawthorn,3122,-37.81931,145.023486,2025-08-14,2025,8,5.342270049601338,0,,False,False,False,False
645000.0,2,1,1.0,,apartment,Hawthorn,3122,-37.825953,145.044601,2025-08-09,2025,8,7.289446473650714,0,,False,False,False,False
605000.0,2,1,1.0,,apartment,Hawthorn,3122,-37.814804,145.019733,2025-08-08,2025,8,4.976689103413207,0,,False,False,False,False
495000.0,2,1,1.0,,apartment,Hawthorn,3122,-37.82130861,145.02913441,2025-08-06,2025,8,5.863483574761712,0,,False,False,False,False
680000.0,2,2,1.0,,apartment,Hawthorn,3122,-37.82274488,145.03021674,2025-08-04,2025,8,5.9825602990810065,0,,False,False,False,False
1275000.0,3,3,1.0,,townhouse,Hawthorn,3122,-37.82066777,145.04489197,2025-07-29,2025,7,7.227530735939704,0,,False,False,False,False
581000.0,2,2,1.0,,apartment,Hawthorn,3122,-37.82214696,145.03288692,2025-07-26,2025,7,6.20331404564009,0,,False,False,False,False
995000.0,2,1,1.0,,apartment,Hawthorn,3122,-37.828167,145.027658,2025-07-22,2025,7,5.89734781769865,0,,False,False,False,False
675000.0,2,2,1.0,,apartment,Hawthorn,3122,-37.82642546,145.02703339,2025-07-17,2025,7,5.7939980987796025,0,,False,False,False,False
415000.0,1,1,1.0,,apartment,Hawthorn,3122,-37.82696459,145.0343294,2025-07-14,2025,7,6.430649720129956,0,,False,False,False,False
430000.0,1,1,1.0,,apartment,Hawthorn,3122,-37.82186865,145.03393284,2025-07-12,2025,7,6.289531954298502,0,,False,False,False,False
600000.0,2,1,1.0,,apartment,Hawthorn,3122,-37.820923,145.045085,2025-07-10,2025,7,7.247507695871506,0,,False,False,False,False
545000.0,2,1,1.0,,apartment,Hawthorn,3122,-37.81382778,145.02756341,2025-07-10,2025,7,5.662839220065293,0,,False,False,False,False
345000.0,1,1,1.0,,apartment,Hawthorn,3122,-37.825992,145.034499,2025-07-05,2025,7,6.421111540304504,0,,False,False,False,False
590000.0,2,1,1.0,,apartment,Hawthorn,3122,-37.82579286,145.03455169,2025-07-01,2025,7,6.420928193194301,0,,False,False,False,False
395000.0,1,1,1.0,,apartment,Hawthorn,3122,,,2025-06-30,2025,6,,0,,False,False,False,False
930000.0,2,1,1.0,,apartment,Hawthorn,3122,-37.825036,145.040944,2025-06-28,2025,6,6.954919139988354,0,,False,False,False,False
782000.0,2,1,1.0,,unit,Hawthorn,3122,-37.82640319,145.02666344,2025-06-28,2025,6,5.761896401749702,0,,False,False,False,False
435500.0,1,1,1.0,,apartment,Hawthorn,3122,-37.82847986,145.03339491,2025-06-27,2025,6,6.3922813787278345,0,,False,False,False,False
412500.0,1,1,1.0,,apartment,Hawthorn,3122,-37.82286047,145.04427977,2025-06-25,2025,6,7.204757592327485,0,,False,False,False,False
377500.0,1,1,1.0,,apartment,Hawthorn,3122,-37.82214696,145.03288692,2025-06-25,2025,6,6.20331404564009,0,,False,False,False,False
760000.0,2,2,1.0,,apartment,Hawthorn,3122,-37.82883117,145.03634595,2025-06-21,2025,6,6.652817065772057,0,,False,False,False,False
670000.0,2,1,1.0,,apartment,Hawthorn,3122,-37.814853,145.020135,2025-06-21,2025,6,5.012136670989918,0,,False,False,False,False
657000.0,2,1,1.0,,apartment,Hawthorn,3122,-37.817734,145.042398,2025-06-19,2025,6,6.980892477688449,0,,False,False,False,False
310000.0,1,1,,,apartment,Hawthorn,3122,-37.829434,145.041509,2025-06-19,2025,6,7.108594815066422,0,,False,False,False,False
525000.0,2,1,2.0,675.0,apartment,Hawthorn,3122,-37.818049,145.019771,2025-06-18,2025,6,5.002637322486596,1,777.7777777777778,False,False,False,False
410000.0,1,1,1.0,,apartment,Hawthorn,3122,-37.82214696,145.03288692,2025-06-13,2025,6,6.20331404564009,0,,False,False,False,False
565000.0,2,1,,,apartment,Hawthorn,3122,-37.819024,145.020915,2025-06-07,2025,6,5.114262213086029,0,,False,False,False,False
678000.0,2,2,1.0,,apartment,Hawthorn,3122,-37.823331,145.035009,2025-06-06,2025,6,6.408442371405478,0,,False,False,False,False
560000.0,2,1,1.0,,apartment,Hawthorn,3122,-37.825381,145.02546,2025-06-01,2025,6,5.632046717612436,0,,False,False,False,False
876000.0,2,1,1.0,,apartment,Hawthorn,3122,-37.82492933,145.03171831,2025-05-31,2025,5,6.157560003153238,0,,False,False,False,False
695000.0,2,1,2.0,,townhouse,Hawthorn,3122,-37.81835763,145.041909,2025-05-31,2025,5,6.942941312797229,0,,False,False,False,False
365000.0,1,1,1.0,,apartment,Hawthorn,3122,-37.827925,145.044218,2025-05-29,2025,5,7.3010002739714785,0,,False,False,False,False
322000.0,1,1,1.0,,apartment,Hawthorn,3122,-37.82214696,145.03288692,2025-05-29,2025,5,6.20331404564009,0,,False,False,False,False
288900.0,1,1,1.0,,apartment,Hawthorn,3122,-37.82166989,145.03470624,2025-05-26,2025,5,6.3535947978729554,0,,False,False,False,False
687000.0,2,2,1.0,,apartment,Hawthorn,3122,-37.82130861,145.02913441,2025-05-25,2025,5,5.863483574761712,0,,False,False,False,False
890000.0,2,1,1.0,,apartment,Hawthorn,3122,-37.823546,145.029395,2025-05-24,2025,5,5.927383875417558,0,,False,False,False,False
492500.0,1,1,1.0,,apartment,Hawthorn,3122,-37.819352,145.023826,2025-05-24,2025,5,5.372478178830646,0,,False,False,False,False
833000.0,2,1,1.0,,apartment,Hawthorn,3122,-37.82257354,145.01931603,2025-05-23,2025,5,5.037804099226787,0,,False,False,False,False
2725000.0,3,1,4.0,763.0,house,Hawthorn,3122,-37.81778519,145.0228004,2025-05-19,2025,5,5.264843825448849,1,3571.4285714285716,False,False,False,False
365000.0,1,1,1.0,,apartment,Hawthorn,3122,-37.82867443,145.03504469,2025-05-19,2025,5,6.537866389627531,0,,False,False,False,False
660000.0,2,1,1.0,,apartment,Hawthorn,3122,-37.832236,145.03172,2025-05-14,2025,5,6.373449930493178,0,,False,False,False,False
610000.0,2,2,1.0,,apartment,Hawthorn,3122,-37.82214696,145.03288692,2025-05-13,2025,5,6.20331404564009,0,,False,False,False,False
605000.0,2,1,1.0,,apartment,Hawthorn,3122,-37.818733,145.041826,2025-05-09,2025,5,6.938962605911967,0,,False,False,False,False
288900.0,1,1,,,apartment,Hawthorn,3122,-37.82166989,145.03470624,2025-05-08,2025,5,6.3535947978729554,0,,False,False,False,False
290000.0,2,1,,,apartment,Hawthorn,3122,-37.8195495,145.04538295,2025-05-07,2025,5,7.258070654551336,0,,False,False,False,False
720000.0,2,1,1.0,,apartment,Hawthorn,3122,-37.81863683,145.01771103,2025-05-05,2025,5,4.82972851464338,0,,False,False,False,False
399000.0,1,1,1.0,,apartment,Hawthorn,3122,-37.81519782,145.0315395,2025-05-01,2025,5,6.014630765877643,0,,False,False,False,False
710000.0,2,1,1.0,,apartment,Hawthorn,3122,-37.817734,145.042398,2025-04-27,2025,4,6.980892477688449,0,,False,False,False,False
557000.0,2,1,,,apartment,Hawthorn,3122,-37.824181,145.03774,2025-04-18,2025,4,6.66101668613601,0,,False,False,False,False
445000.0,2,1,1.0,,apartment,Hawthorn,3122,-37.81293153,145.02044437,2025-04-16,2025,4,5.037990097879238,0,,False,False,False,False
620000.0,2,2,1.0,,apartment,Hawthorn,3122,-37.82286047,145.04427977,2025-04-15,2025,4,7.204757592327485,0,,False,False,False,False
360000.0,1,1,1.0,,apartment,Hawthorn,3122,-37.82261278,145.03676999,2025-04-15,2025,4,6.548291442641419,0,,False,False,False,False
771000.0,2,1,1.0,,apartment,Hawthorn,3122,-37.81575294,145.01848055,2025-04-12,2025,4,4.870722849471466,0,,False,False,False,False
685000.0,2,2,2.0,,apartment,Hawthorn,3122,-37.82127039,145.02238576,2025-04-12,2025,4,5.277071773050176,0,,False,False,False,False
395000.0,1,1,1.0,,apartment,Hawthorn,3122,-37.825416,145.025914,2025-04-09,2025,4,5.671738067503132,0,,False,False,False,False
1346000.0,2,1,1.0,146.0,house,Fitzroy,3065,-37.794716,144.977273,2025-09-13,2025,9,2.441243918424853,1,9219.17808219178,False,False,False,False
1345000.0,2,1,,,house,Fitzroy,3065,-37.800089,144.98209,2025-09-13,2025,9,2.2450823665561486,0,,False,False,False,False
530000.0,1,1,1.0,,apartment,Fitzroy,3065,-37.807447,144.980179,2025-09-08,2025,9,1.6490027272847492,0,,False,False,False,False
1630000.0,3,2,2.0,,townhouse,Fitzroy,3065,-37.80061233,144.98015747,2025-09-06,2025,9,2.0811648486358214,0,,False,False,False,False
740000.0,2,1,1.0,,apartment,Fitzroy,3065,-37.8034839,144.98257464,2025-09-06,2025,9,2.047529420480386,0,,False,False,False,False
1800000.0,4,1,,,house,Fitzroy,3065,-37.800041,144.976697,2025-08-30,2025,8,1.9235535184500516,0,,False,False,False,False
1500000.0,4,3,1.0,,house,Fitzroy,3065,-37.795077,144.97737,2025-08-30,2025,8,2.411222338715259,0,,False,False,False,False
730000.0,2,1,1.0,,apartment,Fitzroy,3065,-37.807447,144.980179,2025-08-30,2025,8,1.6490027272847492,0,,False,False,False,False
771000.0,1,1,1.0,,apartment,Fitzroy,3065,-37.79860599,144.97563396,2025-08-27,2025,8,1.9980735517900647,0,,False,False,False,False
1460000.0,3,2,1.0,,townhouse,Fitzroy,3065,-37.79796828,144.98371445,2025-08-26,2025,8,2.510218903410317,0,,False,False,False,False
1750000.0,2,2,1.0,,house,Fitzroy,3065,-37.79796828,144.98371445,2025-08-16,2025,8,2.510218903410317,0,,False,False,False,False
1295000.0,2,1,,130.0,house,Fitzroy,3065,-37.799081,144.976961,2025-08-11,2025,8,2.0222028296053476,1,9961.538461538461,False,False,False,False
546000.0,1,1,1.0,,apartment,Fitzroy,3065,-37.79638933,144.97690781,2025-08-05,2025,8,2.2658293944596553,0,,False,False,False,False
538000.0,1,1,,,apartment,Fitzroy,3065,-37.80201519,144.98352757,2025-07-23,2025,7,2.2090682356065563,0,,False,False,False,False
1850000.0,2,2,2.0,,apartment,Fitzroy,3065,-37.80623552,144.98025193,2025-07-11,2025,7,1.7149324568503423,0,,False,False,False,False
1022000.0,2,1,,,house,Fitzroy,3065,-37.800842,144.975573,2025-07-05,2025,7,1.7925522011048494,0,,False,False,False,False
2200000.0,3,2,1.0,,house,Fitzroy,3065,-37.80310011,144.98092571,2025-06-21,2025,6,1.9533380337804092,0,,False,False,False,False
1145000.0,2,1,,,house,Fitzroy,3065,-37.794151,144.978515,2025-06-21,2025,6,2.5516904176128574,0,,False,False,False,False
765000.0,2,1,1.0,,apartment,Fitzroy,3065,-37.807447,144.980179,2025-06-11,2025,6,1.6490027272847492,0,,False,False,False,False
1890000.0,2,2,,,house,Fitzroy,3065,-37.796133,144.982107,2025-06-07,2025,6,2.561398711311402,0,,False,False,False,False
1432500.0,2,1,1.0,,house,Fitzroy,3065,-37.7963018,144.98010255,2025-06-07,2025,6,2.4353804765133904,0,,False,False,False,False
824000.0,1,1,1.0,,apartment,Fitzroy,3065,-37.80675792,144.98070928,2025-05-31,2025,5,1.7239222867860897,0,,False,False,False,False
526500.0,1,1,1.0,,apartment,Fitzroy,3065,-37.79636855,144.98394835,2025-05-26,2025,5,2.6506875932128042,0,,False,False,False,False
1717000.0,2,2,2.0,,house,Fitzroy,3065,-37.79559004,144.97997942,2025-05-13,2025,5,2.491911920594672,0,,False,False,False,False
2005000.0,2,2,1.0,,apartment,Fitzroy,3065,-37.80131445,144.97639161,2025-05-10,2025,5,1.7971437729059827,0,,False,False,False,False
730000.0,1,1,1.0,,apartment,Fitzroy,3065,-37.79860599,144.97563396,2025-05-07,2025,5,1.9980735517900647,0,,False,False,False,False
1110000.0,2,1,,120.0,house,Fitzroy,3065,-37.801402,144.977205,2025-05-06,2025,5,1.8371745450151227,1,9250.0,False,False,False,False
1200000.0,2,2,2.0,,apartment,Fitzroy,3065,-37.79670489,144.98363238,2025-05-05,2025,5,2.604475021335412,0,,False,False,False,False
1620000.0,3,2,1.0,,townhouse,Fitzroy,3065,-37.79660759,144.97595941,2025-04-15,2025,4,2.2014690769568124,0,,False,False,False,False
908000.0,2,2,1.0,,apartment,Fitzroy,3065,-37.79636855,144.98394835,2025-04-12,2025,4,2.6506875932128042,0,,False,False,False,False
540000.0,1,1,1.0,,house,Fitzroy,3065,-37.79638933,144.97690781,2025-04-03,2025,4,2.2658293944596553,0,,False,False,False,False
1349000.0,2,2,1.0,110.0,townhouse,Fitzroy,3065,-37.79660759,144.97595941,2025-03-31,2025,3,2.2014690769568124,1,12263.636363636364,False,False,False,False
1362500.0,2,1,,176.0,house,Fitzroy,3065,-37.79450783,144.9819245,2025-03-29,2025,3,2.691125504340444,1,7741.477272727273,False,False,False,False
1130000.0,2,1,,,house,Fitzroy,3065,-37.802132,144.981978,2025-03-29,2025,3,2.0920343181379413,0,,False,False,False,False
770000.0,3,1,1.0,,apartment,Fitzroy,3065,-37.807447,144.980179,2025-03-27,2025,3,1.6490027272847492,0,,False,False,False,False
561000.0,1,1,1.0,,apartment,Fitzroy,3065,-37.80549429,144.9809326,2025-03-26,2025,3,1.8073671144453236,0,,False,False,False,False
665000.0,2,1,1.0,,apartment,Fitzroy,3065,-37.79742717,144.97990163,2025-03-24,2025,3,2.3265620019432256,0,,False,False,False,False
1537000.0,3,2,2.0,,townhouse,Fitzroy,3065,-37.79510338,144.9776272,2025-03-22,2025,3,2.420555188526484,0,,False,False,False,False
1280000.0,2,2,1.0,,townhouse,Fitzroy,3065,-37.79467103,144.98015583,2025-03-22,2025,3,2.5837172889681965,0,,False,False,False,False
1270000.0,2,1,,,house,Fitzroy,3065,-37.796407,144.977114,2025-03-22,2025,3,2.273927029960232,0,,False,False,False,False
1620000.0,3,2,,,house,Fitzroy,3065,-37.79459742,144.97611885,2025-03-21,2025,3,2.402702919908096,0,,False,False,False,False
835000.0,2,1,1.0,,apartment,Fitzroy,3065,-37.79670489,144.98363238,2025-03-15,2025,3,2.604475021335412,0,,False,False,False,False
685000.0,2,1,1.0,,apartment,Fitzroy,3065,-37.79638933,144.97690781,2025-03-15,2025,3,2.2658293944596553,0,,False,False,False,False
2700000.0,4,1,1.0,,house,Fitzroy,3065,-37.800432,144.977413,2025-03-13,2025,3,1.930045605756612,0,,False,False,False,False
515000.0,1,1,,,apartment,Fitzroy,3065,-37.79536558,144.98004019,2025-03-07,2025,3,2.5151707724339425,0,,False,False,False,False
775000.0,2,2,1.0,,apartment,Fitzroy,3065,-37.7975885,144.97592571,2025-02-28,2025,2,2.1070091606428116,0,,False,False,False,False
1491000.0,4,1,1.0,,house,Fitzroy,3065,-37.793476,144.977811,2025-02-22,2025,2,2.584125874131661,0,,False,False,False,False
1110000.0,2,2,1.0,,apartment,Fitzroy,3065,-37.79860599,144.97563396,2025-02-22,2025,2,1.9980735517900647,0,,False,False,False,False
460000.0,1,1,1.0,,apartment,Fitzroy,3065,-37.79737362,144.97814205,2025-02-21,2025,2,2.236485607072808,0,,False,False,False,False
780000.0,2,1,1.0,,apartment,Fitzroy,3065,-37.79801876,144.98178879,2025-02-18,2025,2,2.3869545331791575,0,,False,False,False,False
960500.0,3,2,1.0,,house,Glen Waverley,3150,-37.898344,145.156205,2025-09-19,2025,9,19.396350815149578,0,,False,False,False,False
1600000.0,4,2,2.0,674.0,house,Glen Waverley,3150,-37.872337,145.186473,2025-09-16,2025,9,20.67321647763758,1,2373.887240356083,False,False,False,False
2781000.0,3,1,1.0,715.0,house,Glen Waverley,3150,-37.874807,145.158069,2025-09-13,2025,9,18.423170463723583,1,3889.5104895104896,False,False,False,False
2710000.0,4,2,2.0,652.0,house,Glen Waverley,3150,-37.876125,145.176727,2025-09-13,2025,9,20.005093015908272,1,4156.441717791411,False,False,False,False
2300000.0,4,2,2.0,728.0,house,Glen Waverley,3150,-37.870077,145.151854,2025-09-13,2025,9,17.724569719768297,1,3159.3406593406594,False,False,False,False
2200000.0,5,4,2.0,649.0,house,Glen Waverley,3150,-37.867651,145.153461,2025-09-13,2025,9,17.76378130860911,1,3389.830508474576,False,False,False,False
1950000.0,5,3,3.0,712.0,house,Glen Waverley,3150,-37.885102,145.17563,2025-09-13,2025,9,20.28381361085307,1,2738.7640449438204,False,False,False,False
1753000.0,3,1,2.0,834.0,house,Glen Waverley,3150,-37.899755,145.147336,2025-09-13,2025,9,18.79892100814671,1,2101.9184652278177,False,False,False,False
1698000.0,5,2,2.0,776.0,house,Glen Waverley,3150,-37.885884,145.186629,2025-09-13,2025,9,21.208360359095252,1,2188.144329896907,False,False,False,False
1688800.0,4,2,2.0,666.0,house,Glen Waverley,3150,-37.889444,145.185428,2025-09-13,2025,9,21.264247178577225,1,2535.735735735736,False,False,False,False
1465000.0,5,2,2.0,784.0,house,Glen Waverley,3150,-37.900883,145.169315,2025-09-13,2025,9,20.54164048461663,1,1868.6224489795918,False,False,False,False
580000.0,2,2,1.0,,apartment,Glen Waverley,3150,-37.87987317,145.16367694,2025-09-11,2025,9,19.091366657342217,0,,False,False,False,False
1730000.0,4,3,2.0,316.0,townhouse,Glen Waverley,3150,-37.87193317,145.16893073,2025-09-07,2025,9,19.202718307966983,1,5474.683544303797,False,False,False,False
1592000.0,4,2,2.0,650.0,house,Glen Waverley,3150,-37.900583,145.170903,2025-09-07,2025,9,20.649004830994986,1,2449.230769230769,False,False,False,False
3390000.0,5,4,4.0,678.0,house,Glen Waverley,3150,-37.865091,145.164893,2025-09-06,2025,9,18.622346627879097,1,5000.0,False,False,False,False
2432000.0,4,1,2.0,714.0,house,Glen Waverley,3150,-37.868157,145.158143,2025-09-06,2025,9,18.169859012781327,1,3406.1624649859946,False,False,False,False
1900500.0,4,2,2.0,693.0,house,Glen Waverley,3150,-37.886585,145.182962,2025-09-06,2025,9,20.940764688001305,1,2742.4242424242425,False,False,False,False
1600000.0,4,2,4.0,651.0,house,Glen Waverley,3150,-37.8686,145.181972,2025-09-06,2025,9,20.169210161692003,1,2457.757296466974,False,False,False,False
1504000.0,3,1,2.0,,house,Glen Waverley,3150,-37.900036,145.168199,2025-09-06,2025,9,20.410914675343758,0,,False,False,False,False
1456000.0,4,2,2.0,651.0,house,Glen Waverley,3150,-37.901684,145.173356,2025-09-06,2025,9,20.89649961686333,1,2236.559139784946,False,False,False,False
1424000.0,4,3,2.0,,townhouse,Glen Waverley,3150,-37.87053119,145.17176839,2025-09-06,2025,9,19.386130231683474,0,,False,False,False,False
1550000.0,4,2,2.0,,townhouse,Glen Waverley,3150,-37.889442,145.152848,2025-09-05,2025,9,18.672714533458976,0,,False,False,False,False
1460000.0,3,2,2.0,,apartment,Glen Waverley,3150,-37.87638572,145.16417764,2025-09-03,2025,9,18.986324909567337,0,,False,False,False,False
760000.0,2,2,1.0,,apartment,Glen Waverley,3150,-37.87638572,145.16417764,2025-09-03,2025,9,18.986324909567337,0,,False,False,False,False
1610000.0,4,3,2.0,361.0,house,Glen Waverley,3150,-37.860582,145.156081,2025-09-02,2025,9,17.733965419989847,1,4459.83379501385,False,False,False,False
368000.0,1,1,1.0,,apartment,Glen Waverley,3150,-37.87987317,145.16367694,2025-09-01,2025,9,19.091366657342217,0,,False,False,False,False
1536150.0,4,4,2.0,337.0,house,Glen Waverley,3150,-37.90234355,145.15617194,2025-08-31,2025,8,19.61335428116839,1,4558.308605341246,False,False,False,False
3501499.9999999986,5,5,2.0,710.0,house,Glen Waverley,3150,-37.897863,145.158324,2025-08-30,2025,8,19.533504528987823,1,5140.845070422535,False,False,False,False
2650500.0,4,2,2.0,1282.0,house,Glen Waverley,3150,-37.868525,145.175369,2025-08-30,2025,8,19.61488238354443,1,2067.4726989079563,False,False,False,False
1761000.0,4,3,2.0,,townhouse,Glen Waverley,3150,-37.86235452,145.15260073,2025-08-30,2025,8,17.501985680474284,0,,False,False,False,False
1220500.0,2,1,1.0,233.0,house,Glen Waverley,3150,-37.89015415,145.1650674,2025-08-30,2025,8,19.66996613575169,1,5238.197424892704,False,False,False,False
2750000.0,7,3,2.0,647.0,house,Glen Waverley,3150,-37.881675,145.152346,2025-08-29,2025,8,18.25956912056188,1,4250.386398763524,False,False,False,False
580000.0,1,1,1.0,,apartment,Glen Waverley,3150,-37.87638572,145.16417764,2025-08-29,2025,8,18.986324909567337,0,,False,False,False,False
1600000.0,4,2,2.0,431.0,townhouse,Glen Waverley,3150,-37.89399511,145.14644856,2025-08-28,2025,8,18.413151496466053,1,3712.2969837587007,False,False,False,False
621888.0,2,1,1.0,,apartment,Glen Waverley,3150,-37.87638572,145.16417764,2025-08-27,2025,8,18.986324909567337,0,,False,False,False,False
609000.0,2,2,1.0,,apartment,Glen Waverley,3150,-37.8786935,145.16496434,2025-08-25,2025,8,19.145853322634032,0,,False,False,False,False
1735000.0,4,2,2.0,,house,Glen Waverley,3150,-37.880043,145.184794,2025-08-24,2025,8,20.82084163632368,0,,False,False,False,False
1500100.0,4,2,2.0,656.0,house,Glen Waverley,3150,-37.89161,145.189775,2025-08-24,2025,8,21.709977591240868,1,2286.737804878049,False,False,False,False
3000000.0,5,3,3.0,654.0,house,Glen Waverley,3150,-37.875062,145.188453,2025-08-23,2025,8,20.93484975426748,1,4587.155963302752,False,False,False,False
2036666.0,3,1,2.0,889.0,house,Glen Waverley,3150,-37.863748,145.151103,2025-08-23,2025,8,17.42579202580839,1,2290.962879640045,False,False,False,False
1996000.0,4,2,2.0,658.0,house,Glen Waverley,3150,-37.881184,145.179854,2025-08-23,2025,8,20.462007286669767,1,3033.434650455927,False,False,False,False
1700000.0,3,1,2.0,786.0,house,Glen Waverley,3150,-37.878122,145.179395,2025-08-23,2025,8,20.302088834080447,1,2162.849872773537,False,False,False,False
1320000.0,3,2,2.0,314.0,unit,Glen Waverley,3150,-37.86975572,145.16510146,2025-08-23,2025,8,18.805042533957113,1,4203.821656050955,False,False,False,False
2580000.0,5,3,2.0,1079.0,house,Glen Waverley,3150,-37.887939,145.17846,2025-08-18,2025,8,20.63662875236213,1,2391.102873030584,False,False,False,False
3100000.0,5,5,2.0,652.0,house,Glen Waverley,3150,-37.872958,145.172428,2025-08-16,2025,8,19.530137057750128,1,4754.601226993865,False,False,False,False
1405000.0,4,2,2.0,,townhouse,Glen Waverley,3150,-37.8627694,145.15883431,2025-08-16,2025,8,18.03715236481678,0,,False,False,False,False
1404000.0,3,2,2.0,392.0,unit,Glen Waverley,3150,-37.88057817,145.17824003,2025-08-16,2025,8,20.305530673073683,1,3581.6326530612246,False,False,False,False
1345000.0,4,3,2.0,,townhouse,Glen Waverley,3150,-37.86930785,145.16382675,2025-08-16,2025,8,18.682975904357257,0,,False,False,False,False
1333000.0,4,3,2.0,364.0,townhouse,Glen Waverley,3150,-37.89120781,145.16697951,2025-08-16,2025,8,19.871928441939374,1,3662.087912087912,False,False,False,False
906000.0,2,1,1.0,,unit,Glen Waverley,3150,-37.88189879,145.17125097,2025-08-16,2025,8,19.791637596341225,0,,False,False,False,False
820000.0,2,2,1.0,,apartment,Glen Waverley,3150,-37.87638572,145.16417764,2025-08-15,2025,8,18.986324909567337,0,,False,False,False,False
595000.0,2,2,1.0,,apartment,Glen Waverley,3150,-37.88181127,145.16148943,2025-08-15,2025,8,18.999113122172794,0,,False,False,False,False
530000.0,2,2,1.0,,apartment,Glen Waverley,3150,-37.88762769,145.163362,2025-08-13,2025,8,19.414592467830477,0,,False,False,False,False
2020800.0,5,4,2.0,405.0,townhouse,Glen Waverley,3150,-37.86993726,145.16531443,2025-08-12,2025,8,18.829369322659556,1,4989.62962962963,False,False,False,False
1601888.0,6,2,2.0,646.0,house,Glen Waverley,3150,-37.862856,145.174792,2025-08-12,2025,8,19.3799248962173,1,2479.702786377709,False,False,False,False
2450000.0,4,3,2.0,484.0,townhouse,Glen Waverley,3150,-37.879734,145.151033,2025-08-09,2025,8,18.065991590982687,1,5061.98347107438,False,False,False,False
1806000.0,4,2,2.0,799.0,house,Glen Waverley,3150,-37.87146,145.185687,2025-08-09,2025,8,20.57715601098531,1,2260.325406758448,False,False,False,False
1767500.0,4,2,4.0,655.0,house,Glen Waverley,3150,-37.870987,145.177809,2025-08-09,2025,8,19.90437504270009,1,2698.4732824427483,False,False,False,False
1642000.0,4,2,2.0,705.0,house,Glen Waverley,3150,-37.889109,145.18124,2025-08-09,2025,8,20.912261260477187,1,2329.078014184397,False,False,False,False
1500000.0,3,1,4.0,,house,Glen Waverley,3150,-37.894629,145.167639,2025-08-09,2025,8,20.091423723577854,0,,False,False,False,False
1270000.0,3,2,2.0,,unit,Glen Waverley,3150,-37.88461194,145.16868002,2025-08-09,2025,8,19.702022906483933,0,,False,False,False,False
1210000.0,4,2,1.0,,townhouse,Glen Waverley,3150,-37.86331205,145.15832342,2025-08-09,2025,8,18.012769311461167,0,,False,False,False,False
1465000.0,5,2,1.0,730.0,house,Glen Waverley,3150,-37.896065,145.144244,2025-08-08,2025,8,18.35786146297896,1,2006.849315068493,False,False,False,False
640000.0,3,2,1.0,110.0,apartment,Glen Waverley,3150,-37.87746821,145.14760409,2025-08-08,2025,8,17.688986769333134,1,5818.181818181818,False,False,False,False
3400000.0,5,5,2.0,769.0,house,Glen Waverley,3150,-37.892124,145.167656,2025-08-06,2025,8,19.969679834919077,1,4421.326397919376,False,False,False,False
1300000.0,4,3,2.0,,townhouse,Glen Waverley,3150,-37.897279,145.164787,2025-08-06,2025,8,20.003006896451232,0,,False,False,False,False
1457000.0,4,2,1.0,226.0,townhouse,Glen Waverley,3150,-37.87448029,145.17002633,2025-08-04,2025,8,19.390056699614657,1,6446.902654867256,False,False,False,False
990000.0,2,1,1.0,295.0,house,Glen Waverley,3150,-37.893046,145.153967,2025-08-04,2025,8,18.94358894174555,1,3355.9322033898306,False,False,False,False
580000.0,2,2,1.0,2871.0,unit,Glen Waverley,3150,-37.8786935,145.16496434,2025-08-04,2025,8,19.145853322634032,1,558.9898989898991,False,False,False,False
380000.0,1,1,1.0,,apartment,Glen Waverley,3150,-37.87987317,145.16367694,2025-08-04,2025,8,19.091366657342217,0,,False,False,False,False
2300000.0,5,3,2.0,658.0,house,Glen Waverley,3150,-37.86667,145.167934,2025-08-03,2025,8,18.930444805660176,1,3495.4407294832827,False,False,False,False
1825000.0,4,2,2.0,653.0,house,Glen Waverley,3150,-37.879679,145.181642,2025-08-02,2025,8,20.547859663608097,1,2794.7932618683003,False,False,False,False
1702000.0,5,3,1.0,729.0,house,Glen Waverley,3150,-37.890538,145.169981,2025-08-02,2025,8,20.07786223826983,1,2334.705075445816,False,False,False,False
1150000.0,3,1,2.0,932.0,house,Glen Waverley,3150,-37.895795,145.168395,2025-08-02,2025,8,20.208948979901365,1,1233.9055793991417,False,False,False,False
930000.0,3,1,1.0,314.0,unit,Glen Waverley,3150,-37.88655755,145.17098365,2025-08-02,2025,8,19.974161630340614,1,2961.7834394904457,False,False,False,False
